UgyfelNeve;SzamlafizetoAzonosito;Szamlasorszam;SzamlaOsszeg
Feher Monika;2011683484;87857763;119934.96
Lakatos Katalin;2032799216;88616748;35719.71
Nagy Adam;2043145406;89032415;45674.76
Gulyas Csaba;2055870618;87717983;88809.9
Molnar Adam;2063204491;88047642;110855.56
Boros Istvan;2071248721;84254485;104353.1
Simon Norbert;2076018860;86257345;30512.42
Horvath Norbert;2083720297;87393621;65780.77
Nagy Ferenc;2083789524;84433439;84396.32
Hegedus David;2086289891;89551289;186375.0
Feher Monika;2087197055;87493308;123132.49
Toth Judit;2089713890;81194588;142023.41
Papp Erika;2092450316;87414656;86598.99
Kiss Monika;2094445803;81158639;49675.11
Juhasz Gabriella;2111176513;87365524;3212.59
Meszaros Orsolya;2113488581;86729464;118706.72
Horvath Hanna;2125020673;82880761;33880.17
Hegedus Adam;2126586352;88032659;133038.05
Feher Zoltan;2131872542;86005226;116423.91
Farkas Peter;2143101717;82322397;129269.34
Farkas Katalin;2145612763;89757702;49506.66
Szabo Norbert;2160277470;81112641;3626.4
Boros Katalin;2179319301;81231657;92821.33
Boros Peter;2179859735;84631270;193420.82
Simon Zoltan;2193563113;87441018;44339.26
Gulyas Ferenc;2196219875;87385041;107401.68
Lakatos Gabriella;2200681783;81943142;134619.12
Kovacs Csaba;2203221567;82411820;131667.93
Hegedus Hanna;2212943511;83644481;181513.64
Nagy Gabriella;2230896239;83907407;42499.17
Juhasz David;2231530877;89047018;56242.64
Horvath Erika;2248677149;85703515;167382.72
Feher Timea;2252833982;85726511;21590.04
Fodor Hanna;2253585092;85842056;194598.9
Simon Erika;2270571966;85142590;138236.91
Boros Adam;2274509129;83880170;191329.05
Varga Csaba;2278901890;86046950;20142.68
Gulyas David;2280735932;85733138;64187.86
Feher Sandor;2299644820;81154806;141893.71
Boros David;2356261922;80865715;139746.68
Feher Norbert;2357963114;85473726;67309.96
Varga Judit;2359628874;85001505;76441.41
Fodor Timea;2374105174;89817138;196553.57
Meszaros Hanna;2376566714;85526088;32183.26
Gulyas Katalin;2379282461;81399822;74762.3
Nagy Peter;2389743756;84908632;87619.99
Molnar Orsolya;2396011837;84752512;34185.17
Juhasz Katalin;2399957385;84485212;63349.26
Szabo Judit;2410220454;87298751;121606.81
Nagy Peter;2425503641;82295922;102162.69
Kovacs Erika;2430416598;88212560;54610.64
Fodor Bence;2430744197;86450425;11780.06
Feher Orsolya;2456154016;84865662;87247.61
Fodor Hanna;2480768298;86706736;164636.35
Gulyas Timea;2490437711;84766122;20446.56
Boros Istvan;2498107698;87195078;76359.93
Boros Hanna;2498873364;87745574;60473.61
Simon Laszlo;2504115020;83225343;48570.16
Gulyas David;2507602140;82351050;66057.86
Lakatos Hanna;2511146014;85951158;131592.35
Kovacs Sandor;2519376902;88907141;42401.03
Kovacs Erika;2522600273;80133381;77426.26
Gulyas Istvan;2585111207;84912190;178307.04
Balogh Ferenc;2592182345;85156824;150045.92
Toth Hanna;2607440721;88794621;24469.53
Feher Erika;2610640359;80380014;24770.02
Nagy Csaba;2613680044;82916097;188063.28
Horvath Laszlo;2616567738;85549795;161535.08
Juhasz Adam;2631245045;84984382;150387.37
Kovacs Timea;2640849268;82870718;25869.62
Boros Orsolya;2642432721;81002997;143087.75
Toth Katalin;2663091174;83473132;173908.85
Meszaros Adam;2674743714;88311623;21732.57
Meszaros Renata;2677202436;84275578;83915.4
Kiss Zoltan;2682715369;87645440;134018.35
Molnar Orsolya;2685068213;81610819;115916.55
Papp Erika;2688559884;86519292;16263.47
Szabo Judit;2690269834;80263503;47207.65
Molnar Laszlo;2692454018;84783322;171684.73
Balogh Judit;2724171437;88210146;177430.43
Molnar Katalin;2724720072;83090303;81273.07
Toth David;2730187785;87104323;12936.53
Varga Judit;2733550164;87431580;16485.92
Kiss Erika;2734986114;83785536;10336.69
Horvath David;2739513130;83415668;89666.22
Kiss Judit;2739858618;83725360;42204.5
Molnar Erika;2740563769;83073642;110598.9
Papp Ferenc;2755264131;82046809;134934.84
Feher David;2758101039;88502660;99468.58
Juhasz Csaba;2762611845;84973007;92321.21
Molnar Bence;2768658812;84482859;163788.58
Farkas Hanna;2786570688;89201097;133245.89
Varga Hanna;2786675524;88031694;77285.67
Boros Sandor;2787103956;89474339;157761.26
Fodor Laszlo;2790254085;85564990;61788.22
Gulyas Monika;2800928798;81752307;136540.77
Simon Ferenc;2823141372;83835716;114289.04
Kiss Erika;2827945367;80125536;90057.87
Balogh Ferenc;2842849511;84149422;84127.54
Gulyas Gabriella;2844903339;83259586;136318.1
Varga Gabriella;2850768291;83702210;16397.5
Kiss Erika;2852214410;88055474;106140.49
Juhasz Norbert;2856958498;80613441;3443.08
Juhasz Bence;2876555098;89532999;10396.52
Juhasz Sandor;2891985508;87507056;185503.01
Juhasz Zoltan;2895729374;82783355;99910.68
Nagy Csaba;2898099864;86955617;19440.8
Papp Gabriella;2906552686;88874537;105939.26
Horvath Erika;2921381531;83899141;80969.0
Papp Zoltan;2924881038;80540994;45990.76
Szabo Judit;2950379681;85669134;76842.91
Simon Ferenc;2952715416;89946249;37945.97
Simon Orsolya;2953343914;88858326;96603.63
Boros Istvan;2968330965;85803450;192729.51
Gulyas Erika;2970157895;84258882;86606.89
Feher Renata;2972469502;84152553;31969.61
Varga Monika;2984296701;85749980;176821.72
Simon Sandor;2986581225;87116919;118518.54
Gulyas Zoltan;2993883463;85564316;108975.26
Kiss Erika;2827945367;85266757;29944.67
Boros Istvan;2071248721;80827190;137979.35
Kovacs Csaba;2203221567;82263553;105472.18
Gulyas Ferenc;2196219875;81367984;70899.45
Kovacs Csaba;2203221567;86775128;127770.42
Kovacs Erika;2522600273;83260077;28813.68
Kiss Istvan;2996765885;86183523;53245.58
Feher Norbert;2357963114;81493060;3934.79
Balogh Csaba;2910070113;81760159;143877.02
Meszaros Hanna;2376566714;85621461;43461.95
Varga Csaba;2278901890;87690511;191701.32
Kovacs Orsolya;2216928293;80613484;184263.4
Feher Erika;2610640359;83291653;129360.79
Toth Judit;2089713890;86244107;108574.66
Boros Adam;2274509129;88540922;24253.92
Meszaros Hanna;2376566714;88117049;163489.62
Feher Norbert;2357963114;85061413;94135.36
Simon Timea;2494392203;80066495;22372.46
Simon Sandor;2986581225;88866709;196078.26
Varga Gabriella;2850768291;81487234;113625.4
Lakatos Gabriella;2200681783;83390562;73950.26
Gulyas Timea;2490437711;84579682;133182.08
Molnar Katalin;2724720072;81962577;40349.5
Fodor Bence;2430744197;88698308;150836.34
Farkas Erika;2977620454;87778183;24316.38
Simon Zoltan;2193563113;84569712;30486.52
Toth Hanna;2607440721;89101263;8743.59
Fodor Gabriella;2708554901;84653249;152508.25
Kovacs Erika;2522600273;87827141;49005.9
Balogh Katalin;2632898592;86143266;155207.02
Meszaros Renata;2677202436;84558762;112729.28
Meszaros Peter;2168709679;81296249;179248.82
Szabo Renata;2513197587;84028563;101791.63
Toth Ferenc;2686346958;87050309;35539.35
Feher Erika;2028382047;87472308;15256.45
Simon Orsolya;2953343914;87752623;90206.05
Kovacs Sandor;2519376902;87876487;141041.99
Feher Monika;2814222109;85599053;134614.14
Feher Monika;2011683484;83914619;166287.88
Feher Judit;2600884835;85660656;75228.91
Simon Erika;2270571966;81100626;56113.75
Kiss Erika;2852214410;84567986;42627.45
Gulyas David;2280735932;82984548;109572.7
Feher Orsolya;2456154016;86734663;158662.61
Meszaros Hanna;2376566714;83080141;132816.66
Farkas Timea;2851339900;83444364;11513.25
Nagy Gabriella;2230896239;88043114;165554.83
Horvath Erika;2248677149;81160163;147370.44
Horvath Erika;2921381531;83607166;52033.23
Kovacs Timea;2640849268;82330105;115873.42
Lakatos Hanna;2624217387;80224106;144349.05
Hegedus Sandor;2663998196;86731548;141092.37
Gulyas David;2507602140;84643821;58631.64
Simon Norbert;2076018860;89526192;12092.02
Lakatos Katalin;2032799216;84910386;11786.23
Farkas Peter;2143101717;86794657;93611.22
Simon Laszlo;2504115020;81747441;174347.73
Meszaros Zoltan;2211067830;86296602;42478.79
Kiss Erika;2827945367;85284369;109593.09
Simon Istvan;2715313762;85865687;74244.88
Fodor Bence;2430744197;84964248;25131.05
Gulyas Csaba;2762919341;83156874;68569.86
Gulyas Gabriella;2844903339;87085218;60558.94
Kiss Ferenc;2556384571;84617510;63809.2
Fodor Bence;2430744197;85101693;135127.23
Molnar Sandor;2394475512;84860648;19985.78
Kovacs Erika;2430416598;84050902;139349.36
Boros Istvan;2071248721;89072054;144534.8
Molnar Bence;2768658812;83921122;179305.01
Juhasz Gabriella;2111176513;84115002;27620.64
Feher David;2758101039;89537870;68679.29
Varga Katalin;2366821829;84680412;104257.55
Kiss Monika;2094445803;85710423;68491.46
Kiss Zoltan;2682715369;88323416;111133.09
Kiss Monika;2094445803;82881484;134930.18
Kiss Adam;2415143489;89569384;156078.91
Lakatos Judit;2381328062;82512264;190129.74
Fodor Hanna;2480768298;82979155;65298.2
Kovacs Timea;2640849268;81960177;187636.39
Boros David;2356261922;84960271;119013.08
Horvath Norbert;2083720297;80770929;136613.34
Molnar Gabriella;2830018526;81406215;157666.27
Balogh Judit;2724171437;86061044;5759.03
Feher Monika;2011683484;82330175;166277.83
Simon Erika;2270571966;80269568;25843.18
Gulyas David;2280735932;88991333;192356.23
Feher Renata;2972469502;85494573;191926.93
Varga Hanna;2786675524;83344035;120647.22
Molnar Adam;2268822684;86391174;55157.17
Szabo Judit;2690269834;86328891;89690.24
Varga Gabriella;2850768291;81725722;18254.41
Toth Istvan;2433612733;86134535;116052.66
Horvath Hanna;2125020673;87757748;12005.57
Papp Zoltan;2924881038;83390404;94372.0
Gulyas Istvan;2585111207;83803691;10633.23
Hegedus Adam;2126586352;82802377;181176.95
Boros Orsolya;2642432721;82881617;72329.46
Hegedus Hanna;2212943511;88059698;180854.85
Fodor Laszlo;2790254085;86220671;139410.88
Balogh Ferenc;2592182345;88022017;162071.13
Molnar Adam;2063204491;87510499;198140.63
Szabo Judit;2410220454;84047046;38689.26
Meszaros Orsolya;2113488581;81676410;68646.92
Simon Ferenc;2823141372;88612619;136100.03
Molnar Orsolya;2396011837;82555613;132168.38
Kiss Monika;2094445803;82027667;93911.64
Simon Peter;2182126771;82566937;126353.08
Meszaros Laszlo;2620986429;89482463;109541.75
Kiss Judit;2739858618;84936594;170354.72
Boros Peter;2179859735;84374022;90416.7
Boros Istvan;2071248721;84736712;61706.74
Papp Erika;2688559884;81965008;59514.65
Kiss Erika;2734986114;88058058;92155.84
Nagy Peter;2389743756;82776660;124997.33
Fodor Laszlo;2790254085;83375461;133748.66
Varga Monika;2984296701;89555983;171209.81
Toth David;2730187785;85104873;165172.51
Molnar Laszlo;2692454018;80526720;158100.1
Molnar Timea;2545152330;87204712;194297.16
Kiss Zoltan;2682715369;84576700;102387.18
Molnar Bence;2768658812;81446140;56211.73
Lakatos Zoltan;2991056496;80118965;40922.91
Varga Sandor;2051825821;80593448;24781.53
Boros Sandor;2787103956;82519973;155391.46
Kovacs Csaba;2886982500;88080821;159649.46
Boros Norbert;2891107924;88231902;178705.36
Molnar Laszlo;2692454018;89732508;137027.42
Feher Zoltan;2131872542;82539634;6652.84
Juhasz Gabriella;2111176513;89944248;164741.32
Papp Laszlo;2477433724;80143432;75239.96
Feher David;2758101039;84255165;157708.53
Balogh Ferenc;2842849511;83016838;114488.62
Hegedus David;2086289891;82736348;193247.02
Lakatos Hanna;2511146014;89738123;62136.39
Meszaros Renata;2677202436;88167820;170319.12
Farkas Peter;2143101717;85687827;15128.6
Boros Katalin;2700565895;89896881;73036.55
Boros Peter;2179859735;83534362;78909.48
Papp Ferenc;2755264131;80200392;88894.98
Szabo Istvan;2186091038;82630195;107544.16
Papp Ferenc;2022299287;83019495;139083.84
Gulyas Gabriella;2844903339;86092287;154431.37
Papp Erika;2092450316;83295294;141606.24
Balogh Sandor;2291110191;82500180;145068.97
Molnar Laszlo;2692454018;88990493;81112.33
Fodor Timea;2374105174;88245729;102653.76
Fodor Bence;2529730783;87224732;169485.1
Hegedus David;2086289891;86010680;40035.62
Juhasz Bence;2876555098;81799689;52745.36
Boros Sandor;2787103956;82337178;172337.42
Hegedus Judit;2769903103;81431668;19970.8
Juhasz David;2231530877;83371759;181023.87
Juhasz Zoltan;2895729374;82223481;159934.78
Hegedus David;2086289891;89466360;135810.21
Fodor Hanna;2253585092;84231746;66877.03
Gulyas Sandor;2364259991;86291926;159735.57
Gulyas Timea;2490437711;82325688;67156.14
Juhasz Zoltan;2895729374;88500182;191723.46
Meszaros Adam;2852701720;81515871;187297.29
Kovacs Hanna;2817207760;84413282;103821.47
Simon Zoltan;2193563113;81961023;189172.48
Fodor Laszlo;2790254085;84915064;159986.37
Gulyas Istvan;2585111207;84471082;20212.61
Hegedus Adam;2126586352;86720709;2712.38
Kiss Monika;2094445803;81301196;24849.46
Lakatos Istvan;2250232968;84097905;61742.27
Szabo Sandor;2949397381;86392031;61571.99
Balogh Judit;2724171437;84533847;152441.49
Nagy Csaba;2369122382;81925494;180623.94
Kiss Monika;2094445803;89918796;137087.45
Gulyas Istvan;2585111207;86038969;80609.21
Feher Norbert;2357963114;88455941;55707.5
Gulyas David;2507602140;81827683;195584.5
Simon Ferenc;2952715416;85312975;66058.54
Lakatos Orsolya;2484745054;87614902;178867.87
Varga Erika;2505267831;86595361;168276.55
Varga Hanna;2786675524;81793900;67241.17
Molnar Katalin;2724720072;81826246;124627.15
Kiss Csaba;2836861559;84741192;23435.69
Toth David;2730187785;81253203;117843.85
Varga Erika;2959913544;88503892;36474.82
Simon Orsolya;2953343914;88949563;130171.89
Papp Judit;2047087074;88801541;145880.02
Meszaros Orsolya;2657275627;89967382;198096.73
Balogh Csaba;2800839945;87016459;161841.95
Boros Renata;2134463567;85530421;103170.43
Balogh Ferenc;2842849511;85710821;58421.91
Horvath David;2739513130;80472278;4179.89
Gulyas Zoltan;2993883463;82640043;25167.07
Gulyas Ferenc;2196219875;89213162;13542.82
Simon Zoltan;2193563113;82457797;169135.86
Fodor Katalin;2032974795;89540818;132973.62
Feher Monika;2011683484;80467779;46580.5
Boros Bence;2902991491;82886929;193589.75
Szabo Judit;2950379681;86512534;95565.77
Papp Gabriella;2906552686;88598637;194075.29
Boros Adam;2274509129;89304954;80954.01
Juhasz Adam;2631245045;87355176;119678.78
Lakatos Gabriella;2639623634;86146626;178696.39
Varga Hanna;2786675524;81889243;175920.68
Boros Katalin;2786020589;84869599;113555.23
Nagy Csaba;2613680044;85891706;132580.56
Szabo Norbert;2160277470;87647740;153642.58
Juhasz David;2231530877;84082273;36331.12
Molnar Judit;2626018218;86464380;196938.89
Fodor Timea;2374105174;88310894;167038.03
Boros Judit;2891648424;83146934;92218.59
Boros Adam;2274509129;85751018;123341.77
Szabo Zoltan;2961190431;81065259;129247.63
Boros Adam;2274509129;81169452;101433.07
Gulyas Katalin;2379282461;82680105;101079.15
Simon Zoltan;2193563113;84531222;90898.52
Papp Adam;2173051270;85539637;37694.89
Varga Bence;2556358535;88657385;87857.45
Feher Erika;2438561408;83128926;153775.84
Hegedus Renata;2872505988;80550546;65223.12
Hegedus Adam;2126586352;89129576;170151.11
Nagy Gabriella;2230896239;87269730;122276.89
Nagy Gabriella;2230896239;84504928;54079.38
Balogh Renata;2444360788;82344262;9213.51
Gulyas Ferenc;2196219875;82953294;89582.8
Feher Norbert;2357963114;80559230;43094.64
Gulyas Ferenc;2196219875;86982026;43165.07
Szabo Bence;2216751187;85327409;67788.24
Farkas Hanna;2786570688;89394544;49779.7
Gulyas Gabriella;2844903339;88795519;54146.98
Nagy Gabriella;2230896239;86461980;101516.65
Varga Judit;2733550164;85881784;71883.08
Molnar Orsolya;2396011837;80064210;59268.02
Kiss Erika;2827945367;89523994;46469.06
Papp Erika;2092450316;85828266;186389.76
Molnar Orsolya;2396011837;87867736;193204.82
Nagy Ferenc;2083789524;82867994;80156.73
Lakatos Katalin;2032799216;89524474;75164.44
Kiss Norbert;2966762788;82530198;163023.85
Juhasz Norbert;2448997941;82681486;158471.17
Papp Zoltan;2924881038;81409510;148214.35
Varga Hanna;2786675524;84875537;168312.25
Boros Sandor;2787103956;86090220;71555.72
Nagy Adam;2043145406;85465794;73447.74
Feher Zoltan;2131872542;83564008;83236.81
Molnar Laszlo;2692454018;80862434;193399.34
Juhasz Bence;2876555098;89818741;12112.22
Boros David;2356261922;80464942;117406.35
Balogh Csaba;2264888254;87459422;51065.73
Fodor Laszlo;2790254085;80935329;164837.36
Simon Zoltan;2193563113;85958370;107820.62
Fodor Peter;2988272836;84816958;135023.83
Nagy Adam;2043145406;80032434;36551.92
Kovacs Sandor;2519376902;89620953;45310.92
Lakatos Hanna;2511146014;88608060;150030.48
Varga Gabriella;2850768291;82010126;44863.63
Feher Renata;2972469502;84039531;54030.81
Szabo Sandor;2101074504;86655170;66457.8
Gulyas Ferenc;2196219875;80075657;154133.03
Simon Judit;2053348587;89832787;74077.42
Feher Renata;2972469502;83186936;33885.51
Boros Timea;2940908277;81658891;78056.23
Lakatos Katalin;2032799216;85454893;150750.03
Meszaros Adam;2954510569;88152490;111297.87
Hegedus David;2344634528;84276047;129230.84
Hegedus David;2086289891;85061274;9885.28
Juhasz Zoltan;2895729374;83719400;166355.63
Horvath Erika;2248677149;85663250;105956.45
Juhasz Timea;2729133930;83479612;157550.97
Horvath Ferenc;2034233718;80428005;121207.86
Varga Monika;2984296701;85792646;49003.39
Molnar Katalin;2724720072;85048520;80642.19
Fodor Laszlo;2790254085;80765631;35722.9
Juhasz Istvan;2719012916;82114900;71578.93
Kovacs Csaba;2203221567;88774157;193022.83
Lakatos Katalin;2032799216;89995891;27908.28
Fodor Monika;2364245101;80890884;165208.23
Lakatos Gabriella;2200681783;84359726;122288.16
Boros Peter;2179859735;86891956;34975.78
Boros Sandor;2787103956;88080476;97675.87
Balogh Ferenc;2952210348;82840545;116545.61
Kovacs Erika;2522600273;88431632;68272.74
Lakatos Hanna;2511146014;88473612;123884.02
Fodor Hanna;2253585092;82971843;62294.13
Hegedus Adam;2126586352;82837161;83893.79
Kiss Istvan;2609628565;85923051;84961.66
Toth Norbert;2267433395;83059461;177734.66
Hegedus Timea;2742410677;80844969;107183.05
Lakatos Katalin;2032799216;88049832;72117.23
Gulyas David;2280735932;85216442;23967.49
Juhasz Norbert;2856958498;86511050;120361.53
Feher Timea;2252833982;82569812;37710.56
Juhasz Adam;2631245045;82610307;32413.81
Balogh Ferenc;2592182345;82214666;124792.68
Balogh Judit;2724171437;80331864;59294.18
Kovacs Ferenc;2776575794;88313740;122101.78
Hegedus Hanna;2212943511;81917493;36211.21
Molnar Adam;2063204491;83775536;43902.43
Kiss Erika;2852214410;86711336;58369.82
Fodor Bence;2430744197;84991886;28518.32
Varga Hanna;2786675524;83635348;133462.09
Hegedus Adam;2126586352;81997515;86093.81
Meszaros Renata;2677202436;83993536;20105.14
Meszaros Orsolya;2113488581;87532853;121889.77
Lakatos Gabriella;2200681783;83735440;59944.57
Toth Judit;2089713890;89201454;41234.92
Feher Sandor;2299644820;81571884;23350.11
Varga Monika;2984296701;80322222;94370.17
Feher Zoltan;2131872542;82546424;65380.01
Molnar Sandor;2261520965;89147046;78449.05
Gulyas Zoltan;2993883463;87482912;160435.77
Gulyas Ferenc;2196219875;85412406;156570.56
Farkas Istvan;2940777332;86425808;146355.07
Fodor Laszlo;2790254085;84399214;62442.39
Lakatos Norbert;2360923190;84393724;45316.45
Toth Hanna;2607440721;86897967;139391.56
Lakatos Istvan;2229682528;82002419;77517.89
Boros Sandor;2787103956;83893287;129367.78
Boros Adam;2274509129;84928709;175178.02
Kiss Erika;2827945367;81171220;44464.87
Feher Monika;2087197055;83056423;184400.43
Balogh Judit;2724171437;85816728;35831.69
Juhasz Norbert;2856958498;83628396;108681.18
Kiss Bence;2325027196;87868574;125031.7
Boros Peter;2179859735;83649076;143859.18
Kovacs Peter;2799363586;87623713;130094.19
Varga Judit;2733550164;89328548;145882.57
Papp Erika;2688559884;88482631;168736.19
Horvath Gabriella;2752029936;80784938;37514.09
Fodor Hanna;2253585092;88808535;156320.68
Balogh Judit;2724171437;88411280;94674.89
Nagy Csaba;2613680044;86347350;93143.92
Papp Ferenc;2755264131;82889469;155763.45
Fodor Csaba;2203719523;87475368;143158.49
Simon Timea;2270444695;80001152;48399.5
Gulyas David;2280735932;83422242;150850.74
Kiss Erika;2852214410;80446586;73844.36
Szabo Judit;2950379681;89290245;191646.11
Feher Hanna;2774649127;84546224;71529.15
Kiss Zoltan;2682715369;81423928;115913.52
Meszaros Norbert;2566394510;83529607;65138.08
Juhasz Bence;2876555098;82699815;4750.52
Juhasz Gabriella;2111176513;80942803;68811.15
Simon Laszlo;2504115020;83398332;53890.48
Horvath David;2739513130;85736710;14438.09
Szabo Judit;2950379681;82983281;51712.08
Nagy Peter;2425503641;83588693;156821.35
Feher Timea;2252833982;83087596;192882.54
Boros Katalin;2179319301;88704644;127746.63
Boros Istvan;2071248721;84874902;54171.92
Nagy Peter;2389743756;87004822;166907.08
Nagy Peter;2425503641;83296907;138505.93
Boros Sandor;2787103956;87930966;177901.71
Feher Hanna;2409151390;80170847;75474.39
Lakatos Gabriella;2200681783;80620733;31603.55
Kiss Judit;2739858618;83006846;80532.19
Juhasz Adam;2631245045;81804299;105061.76
Fodor Bence;2425394561;81761811;70055.38
Horvath Laszlo;2616567738;81043201;35855.59
Simon Erika;2270571966;86200108;148926.44
Gulyas Istvan;2835312359;81016307;30678.87
Boros Katalin;2179319301;88099355;12889.7
Hegedus Katalin;2171962052;86323826;186949.83
Molnar Erika;2740563769;87480414;49466.95
Kovacs Timea;2640849268;84350758;37955.86
Fodor Renata;2407457714;83064592;18350.03
Juhasz Katalin;2399957385;85300773;172120.68
Boros Hanna;2498873364;82150205;145871.25
Boros Hanna;2498873364;81589487;17190.09
Boros Hanna;2498873364;80387587;138507.03
Fodor Hanna;2253585092;81795684;77888.2
Gulyas Zoltan;2993883463;89322976;140940.36
Kiss Judit;2739858618;85552562;3033.83
Papp Erika;2688559884;80331689;180852.09
Boros Sandor;2787103956;83155408;47086.23
Boros Peter;2179859735;88915173;8679.77
Gulyas Timea;2490437711;82379796;60140.3
Horvath Hanna;2125020673;85392370;139176.96
Meszaros Orsolya;2113488581;86303167;46730.76
Varga Csaba;2278901890;82055739;50156.78
Molnar Adam;2063204491;80344973;15181.65
Hegedus Peter;2943001177;86992633;99383.49
Gulyas David;2280735932;84619927;98776.59
Molnar Erika;2740563769;80232050;17049.75
Nagy Peter;2425503641;89745994;55632.8
Meszaros Orsolya;2465418313;81559289;75951.33
Toth David;2864597502;83164422;84980.33
Nagy Timea;2055731272;89184813;48126.57
Szabo Ferenc;2113614454;84533299;15872.45
Juhasz Judit;2594982871;87587566;151693.17
Szabo Judit;2950379681;85943658;108740.32
Toth David;2730187785;85012322;92823.21
Feher Monika;2087197055;83312889;83584.06
Fodor Bence;2430744197;88442171;96402.52
Boros Hanna;2498873364;83502641;157243.42
Simon Laszlo;2504115020;83850473;122480.88
Varga Monika;2984296701;88559628;157501.89
Horvath Timea;2096616806;84161978;172658.46
Lakatos Hanna;2511146014;87229048;23981.43
Papp Sandor;2127217850;84893371;63024.09
Molnar Laszlo;2692454018;87201044;152820.1
Fodor Bence;2430744197;83195293;11804.4
Papp Monika;2987562713;84224597;160875.37
Toth Katalin;2663091174;85203466;128010.28
Gulyas David;2280735932;83985739;11034.96
Nagy Csaba;2898099864;81504323;3050.65
Gulyas Istvan;2585111207;83300558;13209.51
Feher Erika;2610640359;82879420;179728.35
Gulyas Ferenc;2196219875;84180306;14714.78
Lakatos Gabriella;2200681783;82134087;139221.5
Simon Sandor;2986581225;87692224;72919.43
Boros Peter;2179859735;84191648;71340.44
Juhasz Zoltan;2895729374;87614297;76528.75
Boros Sandor;2787103956;86631461;80854.25
Simon Ferenc;2952715416;82537004;52872.44
Kiss Erika;2852214410;80666547;43678.78
Meszaros Orsolya;2113488581;89495373;13254.94
Fodor Laszlo;2790254085;83175221;33825.74
Simon Norbert;2076018860;81617330;184597.28
Meszaros Judit;2696393822;80205198;124152.52
Meszaros David;2254820349;85571281;197404.32
Kiss Erika;2827945367;87704228;36186.58
Kovacs Erika;2522600273;80063296;32913.71
Varga Judit;2359628874;81655523;110501.13
Juhasz Gabriella;2111176513;86672461;85965.59
Nagy Monika;2192671852;86748370;153930.25
Horvath Erika;2248677149;80112645;10376.61
Balogh Norbert;2421736754;88316497;43864.82
Nagy Peter;2389743756;82098699;81066.35
Papp Gabriella;2906552686;87605992;186470.0
Papp Judit;2858653823;81866848;36822.03
Lakatos Katalin;2032799216;88956577;151616.3
Gulyas David;2507602140;89710520;51944.6
Varga Judit;2733550164;87227551;96897.2
Horvath David;2260209741;82121703;184049.79
Varga Gabriella;2850768291;89691688;115744.25
Feher Erika;2610640359;89130786;75309.7
Juhasz Gabriella;2111176513;85087499;49715.91
Hegedus Timea;2855396578;81633181;120014.12
Feher Timea;2252833982;84848537;64469.24
Kiss Peter;2093018562;86824843;78014.18
Gulyas Istvan;2585111207;87752032;122895.13
Papp Gabriella;2671013906;88226441;86525.35
Boros Istvan;2968330965;88849904;135381.07
Toth Hanna;2607440721;80093573;125925.87
Meszaros Hanna;2376566714;84467068;76757.41
Molnar Orsolya;2685068213;81564945;191615.58
Molnar Katalin;2594729455;82856745;182419.69
Boros Katalin;2156907920;88177348;151512.3
Gulyas Orsolya;2338193540;82222346;190918.93
Lakatos Hanna;2511146014;84686794;78611.39
Papp Ferenc;2755264131;83032477;67282.91
Kiss Erika;2734986114;84244988;134151.31
Lakatos Norbert;2033758001;89573746;158247.35
Horvath Hanna;2125020673;83664651;109850.1
Szabo Judit;2410220454;82532602;157686.42
Papp Gabriella;2906552686;85802368;63104.58
Lakatos Hanna;2983400866;89778419;40976.52
Kovacs Erika;2522600273;81890186;82595.4
Papp Erika;2092450316;87824250;91734.15
Varga Hanna;2786675524;83883473;108421.41
Kiss Monika;2094445803;81620192;106763.21
Boros Peter;2179859735;89244829;13027.07
Kovacs Norbert;2641500329;88714442;93964.68
Feher Monika;2087197055;84446668;52155.14
Hegedus David;2086289891;83599750;83754.87
Gulyas Timea;2490437711;87631881;11068.9
Kiss Zoltan;2682715369;87225325;100694.53
Meszaros Renata;2677202436;85828326;108835.15
Gulyas David;2280735932;86779769;60215.9
Kiss Monika;2094445803;84342802;193357.14
Feher Monika;2011683484;89968444;29335.16
Szabo Sandor;2905190816;88823803;21128.91
Szabo Monika;2611957485;81628472;63271.36
Nagy Adam;2163775108;88116239;178780.79
Hegedus David;2086289891;87742257;150762.26
Juhasz Sandor;2891985508;87445531;46664.52
Meszaros Hanna;2660488629;86296113;107994.21
Molnar Zoltan;2327530801;83231218;182270.12
Gulyas Csaba;2055870618;85262979;134533.98
Juhasz Katalin;2461623376;83786775;25750.14
Toth Katalin;2663091174;88091152;167591.64
Papp Gabriella;2906552686;83982660;122486.78
Feher Renata;2972469502;88803682;73540.48
Feher Erika;2610640359;84872475;151800.79
Szabo David;2261027957;81584900;97360.92
Feher Zoltan;2562105511;80223132;148964.06
Szabo Judit;2410220454;88459325;79963.39
Gulyas Erika;2970157895;83791402;151234.85
Nagy Ferenc;2083789524;83018990;109541.24
Papp Sandor;2006336842;89437800;177491.36
Balogh Ferenc;2842849511;84510180;15261.93
Gulyas Istvan;2216129840;84019893;64293.56
Boros David;2356261922;85115618;194486.63
Toth Gabriella;2458933185;83579027;64327.69
Horvath Norbert;2083720297;82116921;189337.44
Simon Monika;2954757367;86784728;53726.19
Nagy Gabriella;2230896239;81050264;166288.56
Kovacs Timea;2640849268;85035477;79947.22
Juhasz Bence;2876555098;89632158;23988.45
Horvath Norbert;2083720297;80607411;110371.21
Gulyas Zoltan;2993883463;80415189;190534.23
Nagy Gabriella;2230896239;82559381;31902.0
Feher Monika;2019259945;88912387;187618.5
Kovacs Csaba;2203221567;81120184;10682.22
Papp Timea;2642116259;88577733;109520.15
Feher Zoltan;2131872542;83579756;168602.99
Simon Sandor;2986581225;86877739;108010.94
Balogh Orsolya;2824416528;86415105;156853.38
Papp Zoltan;2924881038;84460525;171663.35
Gulyas Csaba;2055870618;81533582;165732.21
Juhasz Adam;2631245045;84851175;181272.58
Szabo Norbert;2160277470;85946346;122662.13
Nagy Ferenc;2083789524;87119700;188767.38
Fodor Adam;2194040275;89015310;131932.54
Boros Adam;2274509129;85716540;177037.12
Molnar Adam;2063204491;83411176;165994.9
Meszaros Katalin;2423582134;85756504;112776.43
Feher Renata;2972469502;86334938;137121.18
Farkas Hanna;2786570688;89009739;6126.44
Lakatos Laszlo;2496257025;83571835;112275.84
Toth Hanna;2607440721;87710652;29571.79
Gulyas Norbert;2583297026;88488795;64318.64
Molnar Orsolya;2396011837;87257338;16275.94
Fodor Laszlo;2790254085;86718927;86109.94
Boros Istvan;2498107698;88505759;128256.85
Varga Gabriella;2850768291;88907445;88927.37
Toth Hanna;2607440721;86584296;108225.83
Papp Erika;2688559884;85470100;39351.38
Balogh Judit;2724171437;83965989;159160.25
Molnar David;2118878653;84010816;136449.22
Meszaros Monika;2249761928;83206866;189689.17
Varga Judit;2733550164;85220879;65293.19
Varga Monika;2984296701;87060426;186853.29
Farkas Judit;2704677894;80292400;52205.5
Papp Norbert;2171286765;80709303;190753.45
Farkas Peter;2143101717;84792959;60853.86
Szabo Judit;2410220454;80409932;33311.92
Szabo Renata;2035244027;87763629;148258.13
Hegedus Adam;2126586352;86486250;121842.74
Boros Istvan;2071248721;86842495;157339.4
Boros Hanna;2498873364;88817431;49986.45
Gulyas Istvan;2585111207;89046452;73794.06
Simon Erika;2270571966;89616065;58358.33
Hegedus David;2086289891;81844956;6445.99
Juhasz Judit;2357544862;82801687;48136.18
Meszaros Hanna;2376566714;86711568;188268.44
Gulyas Sandor;2419625288;88137945;24075.77
Nagy Ferenc;2083789524;81532068;131998.22
Toth Judit;2089713890;84028426;153966.82
Balogh Judit;2724171437;80453189;197621.11
Lakatos Katalin;2032799216;87001027;53728.37
Gulyas Monika;2800928798;82864130;69786.83
Simon Zoltan;2193563113;84447846;18203.5
Balogh Ferenc;2592182345;84082860;2583.44
Molnar Orsolya;2396011837;85340657;140629.87
Boros Adam;2274509129;82637286;100748.14
Lakatos Timea;2162539951;83832433;65755.97
Horvath David;2739513130;80509241;61589.13
Horvath Norbert;2086861557;81351959;171304.33
Juhasz Sandor;2891985508;84069263;95998.09
Gulyas Timea;2490437711;86702788;17376.39
Toth Ferenc;2041385368;85239094;2671.44
Meszaros Adam;2674743714;89434890;181085.03
Lakatos Renata;2900839847;80226441;131194.7
Varga Hanna;2786675524;80285951;72099.22
Juhasz Zoltan;2895729374;87507121;138756.76
Varga Monika;2984296701;84298049;121401.45
Meszaros Renata;2677202436;86156384;13297.9
Molnar Orsolya;2396011837;80380696;187179.04
Gulyas Ferenc;2196219875;87240921;194275.93
Horvath Bence;2285114769;84297450;41971.04
Simon Sandor;2986581225;83576545;85838.35
Farkas Hanna;2786570688;85967500;181825.44
Gulyas David;2280735932;86101117;139470.49
Meszaros Hanna;2376566714;85382979;23254.46
Gulyas Erika;2722245481;80517089;66608.76
Szabo Judit;2690269834;85479749;130480.67
Meszaros Zoltan;2366614278;82616122;100617.03
Boros Istvan;2968330965;82402066;101724.14
Kiss Zoltan;2682715369;87933725;42863.69
Gulyas Bence;2223362182;86426212;112794.24
Molnar Orsolya;2685068213;88597609;22441.55
Juhasz Katalin;2399957385;84448819;159692.58
Simon Gabriella;2388183862;81109437;137495.06
Horvath Hanna;2125020673;80389836;75431.29
Nagy Peter;2389743756;89814000;111328.45
Balogh Ferenc;2842849511;84044334;36884.09
Boros David;2356261922;88048548;140121.27
Juhasz Timea;2570576088;82101981;25100.43
Fodor Timea;2374105174;83186841;124627.84
Juhasz Sandor;2598632932;84659410;19285.47
Horvath Norbert;2083720297;86768224;116403.09
Kiss Timea;2345975963;84648537;146814.04
Juhasz Adam;2631245045;86549083;155536.56
Balogh Judit;2724171437;86607476;100409.15
Boros Katalin;2458857172;87651343;110497.52
Meszaros Orsolya;2113488581;88810246;141845.82
Papp Zoltan;2924881038;83534977;39373.93
Nagy Peter;2425503641;83584517;171128.38
Gulyas Zoltan;2107375854;87310079;99710.35
Molnar Zoltan;2959057503;86170578;30072.05
Feher Katalin;2851784186;89580908;196955.34
Balogh Ferenc;2842849511;89338745;45569.1
Hegedus David;2086289891;85337690;37089.72
Varga Laszlo;2484561354;89128798;129329.67
Boros Peter;2179859735;82723987;89049.25
Balogh Ferenc;2592182345;86500821;178679.3
Kiss Erika;2852214410;82474942;25009.83
Molnar Orsolya;2396011837;80641790;198308.57
Toth Katalin;2663091174;81143879;101103.54
Simon Zoltan;2193563113;83589375;126042.57
Gulyas Monika;2800928798;82433054;35390.88
Simon Sandor;2986581225;83115761;142497.51
Nagy Monika;2676571855;87275195;135592.11
Hegedus David;2086289891;87938175;166607.88
Boros Istvan;2968330965;83055187;105123.54
Juhasz Zoltan;2059827405;88716739;168940.89
Feher Zoltan;2649654831;82686807;184218.16
Toth Erika;2662890078;85735491;161102.89
Papp Erika;2688559884;80058547;191145.06
Nagy Adam;2043145406;89950039;195529.24
Varga Csaba;2278901890;85012368;112985.9
Szabo Norbert;2160277470;82582087;161127.35
Boros Orsolya;2642432721;80370504;191801.51
Horvath Adam;2181191759;81267799;81159.21
Molnar Erika;2740563769;89945281;125574.01
Nagy Csaba;2613680044;83810526;45492.3
Varga Gabriella;2850768291;80048273;134159.46
Fodor Hanna;2480768298;81186420;175014.87
Molnar Orsolya;2685068213;84504671;68746.24
Horvath Hanna;2125020673;83514308;89702.99
Simon Ferenc;2823141372;81563021;161549.32
Varga Csaba;2278901890;88399635;72225.93
Boros David;2356261922;89242523;44851.7
Simon Orsolya;2953343914;83594421;25261.73
Lakatos Gabriella;2200681783;81685220;53346.35
Papp Erika;2092450316;87567666;143065.44
Varga Timea;2252817572;81339870;129768.78
Varga Laszlo;2386390062;84894439;109759.31
Meszaros Adam;2674743714;87107017;47468.35
Feher Katalin;2375096286;83794975;90882.18
Toth Katalin;2663091174;83468576;78479.01
Varga Ferenc;2327321641;81217414;120320.76
Feher Orsolya;2456154016;81132039;153661.48
Feher Norbert;2357963114;85928932;123710.51
Boros Sandor;2787103956;85695214;20211.31
Gulyas Zoltan;2993883463;88706017;151983.84
Feher Sandor;2299644820;80456402;119883.49
Balogh Ferenc;2592182345;80312844;9200.09
Szabo Judit;2950379681;87855660;180922.19
Papp Zoltan;2924881038;87146798;187987.55
Simon Ferenc;2823141372;85391489;120438.42
Gulyas David;2824028755;85376299;187559.92
Horvath David;2739513130;84243108;12893.48
Boros Peter;2179859735;82021820;57889.43
Szabo Timea;2865270687;86406822;61366.43
Molnar Laszlo;2692454018;84297670;140063.86
Boros Csaba;2225238528;87180200;15160.13
Juhasz Bence;2876555098;89339608;27412.83
Nagy Peter;2425503641;86653041;111643.96
Kovacs David;2043023200;84766602;34809.6
Gulyas Zoltan;2993883463;87965908;25276.34
Feher Erika;2610640359;82182060;189059.96
Nagy Peter;2389743756;84636008;55768.71
Papp Zoltan;2924881038;88813239;163549.99
Balogh Gabriella;2051805076;87154167;94861.68
Simon Sandor;2986581225;83783371;145840.17
Meszaros Erika;2343105013;84144016;8028.71
Fodor Hanna;2253585092;81273130;177726.48
Feher Erika;2610640359;89409056;154153.94
Boros Hanna;2498873364;82096958;131998.61
Boros Istvan;2071248721;83500343;20599.27
Papp Erika;2092450316;83528514;78805.89
Boros Sandor;2787103956;85466195;29848.5
Horvath Hanna;2125020673;80748247;174951.66
Feher Monika;2087197055;84183631;30030.17
Simon Laszlo;2504115020;85720890;88463.57
Simon Sandor;2986581225;84836100;139700.23
Gulyas Csaba;2055870618;84037871;85257.97
Feher Monika;2011683484;84072316;11994.64
Hegedus Sandor;2509854495;81418063;108418.65
Horvath Norbert;2706242587;86789438;162232.61
Toth Hanna;2503363473;86896905;109361.62
Varga Bence;2300675716;81914280;162701.82
Molnar Istvan;2169103938;87129437;88095.05
Farkas Hanna;2786570688;86524685;15402.87
Nagy Peter;2389743756;88248577;58062.96
Boros Istvan;2071248721;88132889;161850.42
Farkas Zoltan;2078570200;82234900;54482.3
Fodor Hanna;2480768298;87917193;60034.81
Farkas Adam;2242842035;82389198;92551.2
Kiss Erika;2852214410;87708873;107217.29
Toth Katalin;2663091174;85249513;58776.63
Varga Peter;2810883271;80389849;123958.58
Meszaros Sandor;2645098636;84496648;175711.01
Simon Peter;2387209542;84003418;64671.34
Molnar Adam;2063204491;85604606;154482.24
Boros David;2317924367;81304638;20906.82
Molnar Katalin;2724720072;87735365;95299.67
Kiss Monika;2094445803;81690456;50616.42
Toth Katalin;2663091174;83569971;50871.14
Szabo Judit;2410220454;85284361;195222.02
Molnar Orsolya;2685068213;85763520;150346.67
Fodor Bence;2430744197;80751378;23089.75
Gulyas Erika;2970157895;82496251;180136.84
Papp Ferenc;2755264131;89638588;136786.07
Balogh Ferenc;2592182345;88487282;9608.95
Simon Norbert;2076018860;87120618;84494.61
Molnar Erika;2740563769;80175453;8639.78
Hegedus Hanna;2212943511;87411102;109466.81
Juhasz Laszlo;2473870649;88088159;106195.33
Fodor Timea;2374105174;87822787;30161.72
Kovacs Ferenc;2701146277;82462231;97170.98
Molnar Adam;2063204491;80261116;193917.0
Toth Bence;2521773412;80341131;30501.07
Boros Istvan;2968330965;81057634;120633.98
Juhasz Sandor;2891985508;82544209;16304.61
Fodor Bence;2430744197;85321999;44967.6
Varga Judit;2359628874;88877121;131818.7
Horvath Laszlo;2616567738;85375162;44534.24
Horvath Timea;2550175366;89264402;4679.14
Fodor Laszlo;2812497379;80500623;38612.37
Kovacs Timea;2640849268;86553851;190141.66
Papp Erika;2688559884;88535246;185461.92
Nagy Csaba;2898099864;86152549;16919.19
Feher David;2758101039;82718586;189914.34
Kovacs Monika;2867571801;86192282;144650.27
Juhasz Katalin;2740803042;84539064;90802.33
Toth Judit;2089713890;84388359;90856.36
Kovacs Istvan;2194557465;81675052;47178.76
Simon Orsolya;2953343914;89192920;52449.11
Boros Bence;2234383591;86602316;62046.98
Kovacs Csaba;2203221567;82084432;73841.48
Boros Hanna;2498873364;82152646;109216.31
Horvath David;2739513130;86760783;9406.66
Szabo Csaba;2264122791;81134480;157018.15
Meszaros Hanna;2376566714;82478400;82134.84
Szabo Istvan;2188316522;85738466;158148.09
Balogh Adam;2536670284;82269224;20617.53
Papp Ferenc;2755264131;80583544;30606.76
Kovacs David;2291876686;80232575;10465.82
Papp Katalin;2019839687;88925218;125932.84
Szabo Norbert;2160277470;88312629;97155.45
Meszaros Hanna;2376566714;87151084;157631.48
Papp Erika;2688559884;80899147;75153.92
Boros Adam;2274509129;88252055;123234.02
Hegedus David;2086289891;81571662;65368.31
Juhasz Bence;2876555098;82636829;161844.96
Molnar Peter;2903904142;86306452;119162.34
Gulyas Zoltan;2993883463;87282585;81759.93
Molnar Katalin;2724720072;80371633;20519.35
Boros Orsolya;2642432721;87892092;143173.98
Juhasz Zoltan;2895729374;83659777;114329.04
Juhasz Bence;2876555098;85246472;79296.49
Simon Ferenc;2952715416;80253993;139264.38
Toth Katalin;2663091174;84700054;23656.59
Molnar Katalin;2724720072;84736795;50191.6
Hegedus Peter;2746659125;84259340;177662.48
Gulyas Erika;2970157895;85239179;50709.04
Feher Zoltan;2131872542;83629601;193625.54
Molnar Katalin;2167391341;88372038;192860.05
Molnar David;2529161631;80982719;114080.13
Feher Monika;2087197055;80971128;79533.2
Gulyas Erika;2970157895;86353321;140629.62
Farkas Peter;2143101717;80478247;71551.17
Fodor Monika;2896414907;82319281;52573.07
Szabo Judit;2410220454;81640088;104806.15
Szabo Laszlo;2764987260;83908612;175998.23
Boros Peter;2179859735;83121862;160468.55
Kovacs Renata;2391667699;80596287;85843.27
Balogh Orsolya;2947128662;81016979;30641.88
Gulyas Csaba;2055870618;88456808;111487.55
Horvath David;2739513130;89721551;161731.64
Feher Judit;2800760305;86605940;92124.23
Juhasz Zoltan;2895729374;87400319;191795.71
Simon Laszlo;2504115020;85788665;141561.43
Molnar Laszlo;2692454018;82996973;168878.13
Nagy Peter;2425503641;88996261;129143.36
Gulyas Katalin;2379282461;86681709;187384.25
Horvath Norbert;2083720297;81048519;47745.85
Meszaros David;2305491935;83076152;133834.31
Meszaros Katalin;2395688840;82958429;178531.13
Kiss Judit;2739858618;81737826;15310.67
Gulyas David;2280735932;85704911;22200.61
Balogh Ferenc;2592182345;87002215;50208.26
Lakatos Ferenc;2553737555;85520233;193534.4
Boros Hanna;2498873364;82531708;86176.99
Simon Katalin;2870113247;87687259;120742.73
Hegedus David;2086289891;81855356;164932.21
Toth Katalin;2663091174;89548045;8438.89
Horvath Erika;2248677149;83920783;82605.34
Kiss Gabriella;2509775839;84493967;154269.59
Nagy Adam;2043145406;84500955;68981.48
Juhasz Adam;2631245045;84406714;96855.3
Molnar Orsolya;2396011837;86599690;178233.87
Toth David;2730187785;88483016;134299.22
Simon Ferenc;2952715416;81269971;49210.46
Gulyas Istvan;2547999385;86940243;19151.56
Kiss Zoltan;2682715369;80500914;127956.56
Gulyas Laszlo;2507748857;80229662;65463.3
Juhasz Bence;2263504256;83545851;41590.79
Molnar Katalin;2724720072;86447398;146811.97
Farkas Bence;2306742914;89465187;103400.5
Juhasz Norbert;2856958498;85541125;143615.31
Simon Laszlo;2504115020;83887752;126242.36
Gulyas Katalin;2379282461;81506841;102036.05
Juhasz Norbert;2856958498;85244207;63606.07
Varga Judit;2733550164;82954261;51766.16
Hegedus Adam;2126586352;81423772;81979.42
Simon Zoltan;2193563113;81468925;10000.93
Varga Judit;2733550164;83851035;181957.81
Nagy Gabriella;2230896239;82206101;193474.72
Boros Istvan;2071248721;87173213;177406.06
Gulyas Erika;2970157895;86344669;103310.47
Fodor Hanna;2480768298;88079822;28653.69
Feher Monika;2008150324;89365708;154620.5
Kiss Erika;2852214410;87532238;145352.1
Molnar Orsolya;2396011837;87455749;173784.18
Varga Csaba;2278901890;82354953;157622.52
Fodor Hanna;2253585092;83592211;114901.25
Gulyas Peter;2321186198;88124115;162716.05
Lakatos Hanna;2511146014;82738425;4379.2
Kiss Zoltan;2682715369;84743261;167181.08
Kiss Zoltan;2682715369;88749871;30929.52
Gulyas David;2502453410;85873584;24752.12
Lakatos Gabriella;2200681783;83941772;48597.45
Simon Orsolya;2953343914;80296570;145067.92
Lakatos Katalin;2032799216;82040832;42473.66
Horvath Hanna;2125020673;86339613;16640.05
Kiss Erika;2827945367;88429331;152432.66
Kiss Orsolya;2161899238;83704358;108526.6
Juhasz Zoltan;2895729374;84753066;64865.32
Boros Orsolya;2642432721;82303348;94325.28
Molnar Bence;2768658812;89292797;56833.21
Simon Sandor;2986581225;88441793;162485.54
Kiss Judit;2739858618;87155007;195882.61
Szabo Norbert;2160277470;81726850;69593.13
Simon Orsolya;2953343914;83010312;160753.79
Gulyas Ferenc;2196219875;83065287;73919.65
Nagy Peter;2389743756;85834216;146106.11
Szabo Judit;2690269834;88956536;128259.34
Nagy Peter;2389743756;84226920;87130.6
Simon Erika;2270571966;87852316;109245.78
Varga Orsolya;2923139256;89753111;8492.86
Kovacs Zoltan;2101190402;80700413;82884.03
Boros Hanna;2498873364;82120256;35873.07
Gulyas Zoltan;2993883463;82871684;56288.67
Kovacs Csaba;2203221567;80894425;197155.73
Farkas Peter;2143101717;82773804;197532.17
Gulyas Zoltan;2993883463;84691399;126322.32
Boros Erika;2082569655;88561686;196527.49
Feher Sandor;2299644820;88543985;101412.5
Juhasz Katalin;2399957385;87913637;43587.33
Kiss Erika;2852214410;85823880;123958.35
Toth Orsolya;2866867193;89010693;162606.1
Gulyas Monika;2800928798;89990083;157887.72
Papp Sandor;2604319832;86179924;159813.2
Nagy Gabriella;2230896239;86810507;45296.89
Toth Judit;2089713890;81259767;121998.62
Varga Judit;2733550164;83332185;184903.2
Nagy Csaba;2613680044;80836225;169812.12
Horvath Renata;2255340710;89176768;66951.28
Molnar Erika;2740563769;88411529;168568.3
Farkas Timea;2981949225;86083624;41728.76
Feher Zoltan;2131872542;87289058;42084.62
Fodor Bence;2430744197;89208886;195124.17
Boros Orsolya;2642432721;87183668;106488.99
Boros Istvan;2968330965;88680686;5884.92
Molnar Zoltan;2894831162;87487073;64538.35
Toth Katalin;2663091174;89761617;42989.45
Simon Orsolya;2953343914;82659368;33581.2
Juhasz Adam;2631245045;86839395;131823.74
Nagy Csaba;2613680044;84811388;87906.05
Fodor Bence;2430744197;85680975;45529.11
Gulyas Zoltan;2993883463;88799368;27714.92
Simon Judit;2452022596;85955216;161355.25
Gulyas Katalin;2379282461;88065516;7587.38
Simon Norbert;2076018860;82422443;135621.09
Boros Adam;2274509129;87882105;106323.96
Papp Erika;2092450316;84395296;160442.87
Simon Peter;2861309490;83590756;172411.71
Lakatos Istvan;2279866767;85734656;173010.66
Horvath Laszlo;2616567738;88657603;121315.02
Lakatos Katalin;2032799216;85832468;176723.81
